-- phpMyAdmin SQL Dump
-- version 5.2.0
-- https://www.phpmyadmin.net/
--
-- Máy chủ: 127.0.0.1
-- Thời gian đã tạo: Th10 21, 2022 lúc 07:19 AM
-- Phiên bản máy phục vụ: 10.4.24-MariaDB
-- Phiên bản PHP: 8.0.19

SET SQL_MODE = "NO_AUTO_VALUE_ON_ZERO";
START TRANSACTION;
SET time_zone = "+00:00";


/*!40101 SET @OLD_CHARACTER_SET_CLIENT=@@CHARACTER_SET_CLIENT */;
/*!40101 SET @OLD_CHARACTER_SET_RESULTS=@@CHARACTER_SET_RESULTS */;
/*!40101 SET @OLD_COLLATION_CONNECTION=@@COLLATION_CONNECTION */;
/*!40101 SET NAMES utf8mb4 */;

--
-- Cơ sở dữ liệu: `newsdatabase`
--

-- --------------------------------------------------------

--
-- Cấu trúc bảng cho bảng `category`
--

CREATE TABLE `category` (
  `cat_id` int(5) NOT NULL,
  `name` text COLLATE utf8_unicode_ci NOT NULL,
  `createdBy` text COLLATE utf8_unicode_ci DEFAULT NULL,
  `createDate` date DEFAULT NULL,
  `modifiedBy` text COLLATE utf8_unicode_ci DEFAULT NULL,
  `modifiedDate` date DEFAULT NULL
) ENGINE=InnoDB DEFAULT CHARSET=utf8 COLLATE=utf8_unicode_ci;

--
-- Đang đổ dữ liệu cho bảng `category`
--

INSERT INTO `category` (`cat_id`, `name`, `createdBy`, `createDate`, `modifiedBy`, `modifiedDate`) VALUES
(1, 'Kinh doanh', NULL, '2022-09-08', NULL, NULL),
(2, 'Du lịch', NULL, '2022-09-08', NULL, NULL),
(3, 'Thể thao', NULL, '2022-09-08', NULL, NULL),
(5, 'Thế giới', NULL, '2022-09-08', NULL, NULL),
(6, 'Công nghệ', NULL, '2022-09-13', NULL, NULL),
(7, 'Giải trí', NULL, '2022-09-10', NULL, NULL),
(8, 'Đời sống', NULL, '2022-09-11', NULL, NULL),
(9, 'Sức khỏe', NULL, '2022-09-13', NULL, NULL),
(10, 'Pháp luật', NULL, '2022-09-10', NULL, NULL),
(11, 'Giáo dục', NULL, '2022-09-09', NULL, NULL),
(12, 'Xã hội', NULL, '2022-09-12', NULL, NULL);

-- --------------------------------------------------------

--
-- Cấu trúc bảng cho bảng `comment`
--

CREATE TABLE `comment` (
  `id` int(5) NOT NULL,
  `content` longtext COLLATE utf8_unicode_ci NOT NULL,
  `userId` int(5) NOT NULL,
  `newsId` int(5) NOT NULL,
  `createdBy` text COLLATE utf8_unicode_ci DEFAULT NULL,
  `createdDate` date DEFAULT NULL,
  `modifiedBy` text COLLATE utf8_unicode_ci DEFAULT NULL,
  `modifiedDate` date DEFAULT NULL
) ENGINE=InnoDB DEFAULT CHARSET=utf8 COLLATE=utf8_unicode_ci;

-- --------------------------------------------------------

--
-- Cấu trúc bảng cho bảng `news`
--

CREATE TABLE `news` (
  `id` int(5) NOT NULL,
  `title` text COLLATE utf8_unicode_ci NOT NULL,
  `thumbnail` text COLLATE utf8_unicode_ci NOT NULL,
  `description` longtext COLLATE utf8_unicode_ci NOT NULL,
  `content` longtext COLLATE utf8_unicode_ci NOT NULL,
  `subCategoryId` int(5) NOT NULL,
  `createdBy` text COLLATE utf8_unicode_ci DEFAULT NULL,
  `createdDate` date DEFAULT NULL,
  `modifiedBy` text COLLATE utf8_unicode_ci DEFAULT NULL,
  `modifiedDate` date DEFAULT NULL
) ENGINE=InnoDB DEFAULT CHARSET=utf8 COLLATE=utf8_unicode_ci;

--
-- Đang đổ dữ liệu cho bảng `news`
--

INSERT INTO `news` (`id`, `title`, `thumbnail`, `description`, `content`, `subCategoryId`, `createdBy`, `createdDate`, `modifiedBy`, `modifiedDate`) VALUES
(1, 'Điện trong biển quảng cáo của quán karaoke là thảm họa gây cháy', 'https://znews-photo.zingcdn.me/w960/Uploaded/uohusah/2022_09_09/chay_3_.jpg', '\"Hệ thống điện quảng cáo ốp ngoài trời của quán karaoke có thể là thảm họa gây cháy, cần được kiểm tra kỹ về PCCC và xử lý nghiêm nếu có sai phạm\", theo đại tá Huỳnh Ngọc Quan.', 'Từ vụ cháy quán karaoke tại Bình Dương gây hậu quả thảm khốc khiến 32 người tử vong, đại tá Huỳnh Ngọc Quan, Phó trưởng phòng Cảnh sát PCCC & CNCH Công an TP.HCM (PC07), chỉ ra nhiều nguyên nhân có thể hỏa hoạn. Đặc biệt, những nguyên nhân này cần được lưu ý ở những cơ sở kinh doanh karaoke.\r\n\r\nLồng sắt quây kín karaoke\r\nTheo đại tá Quan, những cơ sở kinh doanh karaoke thường hoạt động trong điều kiện kín để cách âm. Vì thế, thông gió, hút khói ở những cơ sở này hạn chế. Hơn nữa, các quán này thường chuyển công năng từ nhà ở (là các nhà ống) sang quán karaoke nên rất khó thoát nạn khi xảy ra cháy.\r\n\r\n\"Các khu vực mặt tiền quán karaoke thường ốp lát cứng, hộp đèn quảng cáo nhiều dây điện chằng chịt như lồng sắt nhốt kín người\", theo ví von của đại tá Quan. Ông lưu ý các hộp đèn quảng cáo là hạng mục cần được kiểm tra kỹ về PCCC.\r\n\r\nCơ sở kinh doanh karaoke bị nghiêm cấm sắp xếp vật dụng che chắn, cản trở lối thoát nạn.\r\n\r\nĐại tá Huỳnh Ngọc Quan\r\n\r\nMặc khác, Phó trưởng phòng Cảnh sát PCCC & CNCH Công an TP.HCM cho rằng các cơ sở karaoke thường tập trung đông người khi về đêm, nếu xảy ra cháy sẽ gây thiệt hại lớn về người và tài sản.\r\n\r\nKhi ngọn lửa bùng lên, nhiệt độ trong các phòng karaoke và nồng độ khói sẽ tăng nhanh, khiến việc tiếp cận cứu hộ, cứu nạn của cảnh sát PCCC gặp nhiều khó khăn.\r\n\r\nTheo quy định về PCCC, khi xây dựng quán karaoke từ 1.500 m2, chủ cơ sở phải lập hồ sơ thiết kế và gửi cơ quan Cảnh sát PCCC thẩm duyệt và nghiệm thu trước khi đưa vào hoạt động. Đối với cơ sở kinh doanh karaoke dưới 500 m2 phải trang bị phương tiện, thiết bị PCCC.', 30, NULL, '2022-09-08', NULL, NULL),
(2, '6 nơi ở của Nữ hoàng Anh', 'https://znews-photo.zingcdn.me/w960/Uploaded/tmuitg/2022_09_09/1.jpg', 'Nữ hoàng Anh qua đời tại lâu đài Balmoral, Scotland. Bà có 6 lâu đài và dinh thự khác là nơi ở thường xuyên trong hơn 70 năm trị vì.', 'Lâu đài có 775 phòng, gồm 19 phòng State, 52 phòng Royal và phòng ngủ dành cho khách, 188 phòng ngủ cho đội ngũ nhân viên, 92 văn phòng và 78 nhà vệ sinh. Du khách có thể đăng ký tour tham quan một số phòng State của cung điện vào những thời điểm đặc biệt trong năm. Ảnh: Housebeautiful.', 17, NULL, '2022-09-09', NULL, NULL),
(3, 'Hoãn vòng 7 Premier League', 'https://znews-photo.zingcdn.me/w960/Uploaded/yrfjpyvslyr/2022_09_09/epl.jpg', 'Ban tổ chức Premier League quyết định hoãn vòng 7 để bày tỏ lòng tôn kính với Nữ hoàng Elizabeth II.', 'Ban tổ chức Premier League quyết định hoãn vòng 7 để bày tỏ lòng tôn kính với Nữ hoàng Elizabeth II.\r\nLúc 17h35 ngày 9/9 (giờ Hà Nội), ban tổ chức Premier League quyết định chính thức hoãn vòng 7 và thông báo trên trang chủ của giải đấu. Lịch thi đấu bù vẫn chưa xác định và sẽ được thông báo ngay khi có thể.\r\n\r\n\"Chúng tôi và các CLB muốn tri ân nữ hoàng, người phụng sự lâu dài và bền bỉ đối với nước Anh\" Richard Masters, Giám đốc Điều hành Premier League, chia sẻ.\r\n\r\n\"Với tư cách là quốc vương tại vị lâu nhất của chúng ta, bà ấy đã là nguồn cảm hứng và để lại một di sản đáng kinh ngạc sau một cuộc đời cống hiến. Đây là khoảng thời gian vô cùng đau buồn đối với không chỉ Vương quốc Anh mà còn đối với hàng triệu người trên thế giới đã ngưỡng mộ bà\", ông Masters nói thêm.', 2, NULL, '2022-09-09', NULL, NULL),
(5, 'Muller: Mane nhắc tôi không chuyền cho Lewandowski', 'https://znews-photo.zingcdn.me/w660/Uploaded/mfnuy/2022_09_13/Sadio_Mane_Bayern_Munich_2022_23.jpg', 'Robert Lewandowski sẽ chạm trán những đồng đội cũ ở Bayern Munich thuộc lượt trận thứ hai vòng bảng UEFA Champions League rạng sáng 14/9.', '\"10 ngày qua, Mane cứ nhắc đi nhắc lại rằng tôi phải cẩn thận để không vô tình chuyền bóng cho Lewandowski\", tiền đạo Thomas Muller của Bayern chia sẻ với truyền thông. \"Dù vậy, chúng tôi phải tập trung vào trận đấu của chính mình và không được chú ý quá nhiều vào Lewandowski\".\r\n\r\n\"Mối liên kết giữa tôi và Lewandowski phát triển mạnh trong nhiều năm qua. Tuy nhiên, Bayern Munich hiện tại không còn sở hữu một tiền đạo mục tiêu. Dù vậy, chúng tôi có nhiều cầu thủ tấn công linh hoạt. Đối phương sẽ không biết ai là cầu thủ ghi bàn chính của đội. Nhưng quan trọng, chúng tôi phải vận hành trơn tru cách chơi này\", tiền đạo 33 tuổi nói thêm.', 2, 'admin', '2022-09-13', NULL, NULL),
(6, 'Loạt tin xấu với thị trường dầu', 'https://znews-photo.zingcdn.me/w860/Uploaded/asfzyreslz2/2022_06_30/211007163738_us_oil_prices_1007_restricted_super_tease.jpg', 'Mở đầu phiên giao dịch tuần này, giá dầu thế giới tiếp tục lao dốc sau một tuần biến động mạnh. Các chuyên gia cho rằng một loạt tin xấu đang tạo sức ép lớn lên giá dầu.', 'Theo dữ liệu của Trading Economics, trong phiên giao dịch đầu tuần 12/9, giá dầu Brent đã giảm xuống 91,5 USD/thùng sau khi kết thúc một tuần biến động, ghi nhận mức giảm 1,5%.\r\n\r\nTuần trước, giá dầu Brent đã rơi từ hơn 96 USD/thùng xuống dưới 88 USD/thùng, rồi phục hồi lên hơn 92 USD/thùng vào cuối tuần.\r\n\r\nTrong khi đó, dầu WTI chuẩn Mỹ sụt giá 1,8% xuống 85,2 USD/thùng. Tuần trước, giá của loại dầu này rơi một mạch từ hơn 90 USD/thùng xuống dưới 82 USD/thùng, sau đó phục hồi lên hơn 86 USD/thùng trong phiên giao dịch cuối tuần.', 8, 'admin', '2022-09-13', NULL, NULL),
(8, 'Thất bại bất ngờ với dòng iPhone 14 Plus', 'https://znews-photo.zingcdn.me/w360/Uploaded/yqdlcqrwq/2022_09_12/12212092022.jpg', 'Dựa trên lượng đơn đặt trước rất thấp, chuyên gia phân tích cho rằng chiến lược thay thế dòng mini bằng iPhone 14 Plus của Apple sẽ thất bại.', 'Nhà phân tích Ming-Chi Kuo từ TF International Securities cho biết iPhone 14 và 14 Plus ghi nhận đợt đặt trước \"tồi tệ\" với lượng đơn hàng rất thấp. Điều đó cho thấy chiến lược định vị 2 mẫu smartphone mới của Apple nhiều khả năng thất bại, dù hãng mới mở đặt trước trong 3 ngày.\r\n\r\nTrong bài viết trên Medium, Kuo cho biết lượng đơn đặt iPhone 14 Pro và 14 Pro Max \"tương đương\" và \"tốt hơn\" so với iPhone 13 Pro và 13 Pro Max. Thời gian chờ giao hàng kéo dài hơn 4 tuần cho thấy nhu cầu của người dùng với bộ đôi iPhone Pro khá cao.', 5, 'admin', '2022-09-13', NULL, NULL),
(9, 'Bitcoin vượt mốc 22.000 USD', 'https://znews-photo.zingcdn.me/w960/Uploaded/spivovxi/2022_09_13/bitcoin_113357.jpg', 'Đà tăng của Bitcoin cũng khiến các loại tiền số khác đồng loạt tăng nhẹ.', 'Theo dữ liệu từ CoinMarketCap, giá đồng Bitcoin dao động quanh 22.357 USD/đồng vào sáng 13/9. Đồng tiền số hàng đầu đã phá vỡ được mốc kháng cự tâm lý 21.000 USD.\r\n\r\nCùng ngày, có thời điểm khối lượng giao dịch 24 giờ của BTC đạt 50,2 tỷ USD, tăng 50% so với hôm trước đó. Hiện tổng vốn hóa của Bitcoin dao động quanh 427 tỷ USD. Tuy nhiên, so với đỉnh gần 48.000 USD đầu năm 2022, giá trị của Bitcoin vẫn giảm khoảng 54%.', 4, 'admin', '2022-09-13', NULL, NULL),
(12, 'HLV Park cạnh tranh cùng 5 chuyên gia ngoại ở Cúp Chiến thắng', 'https://znews-photo.zingcdn.me/w960/Uploaded/jopluat/2020_09_07/Park_Hang_seo.jpg', 'HLV Park Hang-seo được đề cử ở hạng mục Chuyên gia nước ngoài xuất sắc của năm trong lễ công bố Cúp Chiến thắng 2022 tổ chức sáng nay (22/9) tại Hà Nội.', 'Trong năm 2022, HLV Park có nhiều dấu ấn cùng bóng đá Việt Nam. Ông giúp U23 Việt Nam bảo vệ thành công tấm HCV SEA Games trên sân nhà. Ở vòng loại cuối World Cup 2022, tuyển Việt Nam giành được 4 điểm ngay lần đầu tham dự.\r\n\r\nNgoài HLV Park, ứng viên người Hàn Quốc còn lại là ông Kim Kil Tae. HLV này giúp đội taekwondo nữ đoạt 5 HCV trong tổng số 7 hạng cân ở SEA Games 31.\r\n\r\nHLV Dư Chí Quốc (Trung Quốc, bóng bàn) được đề cử nhờ công huấn luyện, chỉ đạo học trò giành tấm HCV đơn nam SEA Games 31 sau 19 năm. HLV Donnelly Joseph Ignatius (Australia, rowing) cũng giúp đội giành 8 HCV SEA Games.\r\n\r\nMột ứng cử viên nặng ký khác cho danh hiệu này là HLV Siyana Bozhilova (Bulagaria, thể dục aerobic) khi giúp học học trò giành 1 HCV, 2 HCĐ giải vô địch thế giới, 4 HCV, 3 HCB giải vô địch châu Á, 3 HCV SEA Games 31.\r\n\r\nỨng viên duy nhất không giành HCV SEA Games 31 nhưng vẫn vào danh sách là ông Matt van Pelt. HLV người Mỹ giúp ĐTQG bóng rổ nam 3x3 giành tấm HCB lịch sử tại SEA Games 31.', 1, NULL, '2022-09-22', NULL, NULL),
(13, 'Tân binh sinh năm 2000 ghi bàn sau 5 phút ra mắt tuyển Việt Nam', 'https://znews-photo.zingcdn.me/w960/Uploaded/ihvunvj/2022_09_22/thanhnhan_1.jpg', 'Trước khi ra mắt tuyển Việt Nam và ghi bàn vào lưới Singapore ở trận giao hữu tối 21/9, Nguyễn Thanh Nhân cùng U23 Việt Nam vô địch Đông Nam Á và vào tứ kết giải châu Á.', 'Vào sân trong giờ nghỉ, Thanh Nhân chỉ cần chưa tới 5 phút để có bàn đầu tiên cho tuyển Việt Nam. Từ một tình huống tạt bóng của Hồ Tấn Tài, thủ thành kỳ cựu Hassan Sunny mắc lỗi, khiến bóng bật tới vị trí của Thanh Nhân. Từ ngoài vùng 16,5 m, cầu thủ sinh năm 2000 băng vào. Góc sút chếch về bên trái theo hướng tấn công của tuyển Việt Nam không hề lý tưởng nhưng cú volley quyết đoán của Thanh Nhân vẫn giúp anh đánh bại Sunny.\r\n\r\nTrận này, Thanh Nhân thay Nguyễn Tuấn Anh và thi đấu ở vị trí chạy cánh trái. Anh chơi tốt, tạo được vài tình huống nguy hiểm bên cạnh bàn thắng là điểm nhấn. Cầu thủ trưởng thành từ HAGL cần chưa đầy 5 phút cho một cú volley quyết đoán và có bàn thắng ngay trận ra mắt tuyển quốc gia. Mọi thứ đều hoàn hảo.\r\n\r\nTrước Thanh Nhân, Nguyễn Văn Toàn từng làm điều này ở phút 83 khi ra mắt tuyển Việt Nam tại trận giao hữu với Indonesia năm 2016. Khác với người đàn anh cùng CLB, Thanh Nhân vô danh ở các cấp độ trẻ, chỉ mới gây chú ý ở giải U21 Quốc gia trước khi được bước ra ánh sáng ở U23 Việt Nam.\r\n\r\nNguyễn Thanh Nhân sinh năm 2000 tại An Giang, là học viên khóa 3 của lò HAGL và gắn bó với đội bóng phố núi tính đến nay. Thanh Nhân chơi hay nhất ở vị trí hậu vệ biên trái nhưng ít được biết đến vì khi những đồng đội cùng lứa được đá hạng Nhất, anh chỉ đá hạng Nhì dưới dạng cho mượn.', 1, NULL, '2022-09-22', NULL, NULL),
(14, 'Vitamin D không có tác dụng chống lại Covid-19', 'https://znews-photo.zingcdn.me/w960/Uploaded/lert/2022_09_14/covid_1.jpg', 'Các nhà nghiên cứu tin rằng vitamin D tăng cường khả năng miễn dịch và có thể chống lại bệnh đường hô hấp. Do đó, họ cũng hy vọng chất này có thể bảo vệ con người khỏi Covid-19.', 'Vitamin D được biết đến nhiều nhất với vai trò thúc đẩy xương chắc khỏe bằng cách đảm bảo cơ thể hấp thụ canxi đúng cách. Các nhà nghiên cứu cũng tin rằng vitamin D giúp tăng cường khả năng miễn dịch và có thể bảo vệ chống lại các bệnh như tiểu đường và hen suyễn.\r\n\r\nNgoài ra, theo Viện Y tế Quốc gia (Mỹ), nghiên cứu trước đây chỉ ra vitamin D có khả năng bảo vệ cơ thể khỏi nhiễm trùng đường hô hấp. Mối liên hệ giữa sự thiếu hụt vitamin D và nguy cơ nhiễm Covid-19 cao hơn cũng đã được nghiên cứu.\r\n\r\n2 nghiên cứu lâm sàng mới được công bố gần đây trên tạp chí The BMJ báo cáo việc bổ sung vitamin D không giúp giảm nhiễm trùng đường hô hấp cấp tính hoặc nhiễm trùng do SARS-CoV-2, loại virus gây ra Covid-19.\r\n\r\n', 13, NULL, '2022-09-22', NULL, NULL),
(15, 'Loại thực phẩm có thể làm trầm trọng triệu chứng hậu Covid-19', 'https://znews-photo.zingcdn.me/w660/Uploaded/sgorvz/2022_09_10/thuc_pham_nen_tranh_hau_Covid_19.jpg', 'Các loại thực phẩm giàu histamine như bia, rượu, thịt chế biến, pho mát có thể cản trở hoạt động của hệ miễn dịch, làm trầm trọng thêm những triệu chứng Covid-19 kéo dài.', 'Sau khi khỏi Covid-19 (khoảng 12 tuần kể từ lần nhiễm bệnh ban đầu), nhiều người vẫn gặp phải các triệu chứng kéo dài như mệt mỏi, sương mù não, đỏ mắt, đau đầu và tim đập nhanh.\r\n\r\nMặc dù hiện tại không có cách chữa trị thích hợp để đối phó với các triệu chứng này, một số cách có thể giảm nhẹ chúng. Một trong số đó bao gồm thay đổi chế độ ăn uống hàng ngày. Đặc biệt, các chuyên gia dinh dưỡng tin rằng thực phẩm có hàm lượng histamine có thể làm trầm trọng thêm các triệu chứng hậu Covid-19.\r\n\r\nTheo India Times, histamine là chất hóa học được giải phóng trong cơ thể khi nó chống lại các chất gây dị ứng tiềm ẩn, hormone căng thẳng, rượu... Điều này khiến chúng ta hắt hơi, chảy nước mắt hoặc ngứa.\r\n\r\nCác chuyên gia phát hiện nhiều triệu chứng Covid-19 kéo dài khá giống tình trạng ở người không dung nạp histamine. Họ cũng nhận thấy một số bệnh nhân gặp phải tình trạng Covid-19 kéo dài cảm thấy tốt hơn sau khi dùng thuốc kháng histamine do bác sĩ đề nghị.\r\n\r\nNếu các dấu hiệu Covid-19 kéo dài của bạn thực sự là do không dung nạp histamine, việc chuyển sang chế độ ăn ít histamine có thể giúp kiểm soát những triệu chứng đó.\r\n\r\nCách để xác định điều này là quan sát phản ứng của cơ thể với thực phẩm chứa histamine. Nếu ăn những thứ này dẫn đến bất kỳ loại viêm nào, việc tránh xa chúng có thể hữu ích cho cơ thể.\r\n\r\nNhững thực phẩm phổ biến có chứa histamine bao gồm: Sữa chua, bia, rượu, thịt chế biến, thực phẩm lên men, pho mát, cá xông khói.', 13, NULL, '2022-09-22', NULL, NULL),
(16, 'Lý do Chi Pu liên tục gây tranh cãi', 'https://znews-photo.zingcdn.me/w960/Uploaded/qfssu/2022_09_21/121578577_2684859088403851_6321642611131446107_n_1.jpg', 'Ngoài có những phát ngôn gây sốc, Chi Pu còn nhiều lần thực hiện sản phẩm theo hướng gợi cảm, đầy tính ẩn dụ. Đó là lý do cô thường vướng tranh cãi, ồn ào.', 'Chi Pu và các sản phẩm âm nhạc phát hành gần đây đang là tâm điểm gây tranh luận, liên tục xuất hiện trong những bài viết về các MV phản cảm của Vpop. Cùng lúc, Chi Pu có tuyên bố gây tranh cãi khi khẳng định đã được công chúng ghi nhận là ca sĩ. Tuy nhiên, trên mạng xã hội, nhiều khán giả không đồng tình với phát ngôn của Chi Pu.\r\n\r\nLiên tục có phát ngôn bị dư luận phản ứng\r\nCách đây 5 năm, khi bắt đầu sự nghiệp ca hát, Chi Pu gây tranh cãi khi tuyên bố: “Từ hôm nay hãy gọi tôi là ca sĩ”. Sau 5 năm, giọng ca Từ hôm nay một lần nữa gây sốc. Mới đây, khi được hỏi đã tự tin về giọng hát chưa, cô trả lời công chúng đã công nhận cô với danh xưng ca sĩ. Do đó, Chi Pu không cần nhắc đi nhắc lại chuyện này.\r\n\r\nPhát ngôn trên một lần nữa phủ sóng trên mạng xã hội và vấp phải phản ứng trái chiều. Lý do là trong suốt 5 năm qua, Chi Pu nhiều lần lộ clip hát live bị chê thảm họa. Chi Pu từng hát “chiếc ô” thành “chiếc ố” vì bể giọng khi đang live. Nhiều lần khác, cô bị vỡ nốt, chênh phô và không thể lên cao. Gần đây, Chi Pu ít hát live nên việc cô tiến bộ hay chưa khó nhận định.', 22, NULL, '2022-09-22', NULL, NULL),
(17, 'Vợ Shark Bình sẽ tố cáo \'nếu chồng và Phương Oanh quan hệ bất chính\'', 'https://znews-photo.zingcdn.me/w660/Uploaded/wpdhnwhnw/2022_08_26/phuong.jpg', 'Đại diện của doanh nhân Đào Lan Hương cho biết sẽ gửi đơn đến cơ quan chủ quản của Phương Oanh nếu nữ diễn viên quan hệ bất chính với Shark Bình.', 'Tối 27/8, trao đổi với Zing, luật sư Hà Trọng Đại - đại diện pháp lý của doanh nhân Đào Lan Hương cho biết vợ chồng Shark Bình chưa gửi bất kỳ đơn đồng thuận ly hôn nào lên tòa án.\r\n\r\n\"Từ năm 2012 đến nay, vợ chồng của doanh nhân Đào Lan Hương và Nguyễn Hòa Bình viết nhiều đơn đồng thuận ly hôn như vậy. Tuy nhiên, chưa có bất kỳ đơn đồng thuận ly hôn nào được gửi đến tòa án\", luật sư nói.\r\n\r\nTheo luật sư, hiện tại đội ngũ hỗ trợ pháp lý cho bà Lan Hương đang tìm hiểu về mối quan hệ thực sự giữa Shark Bình và diễn viên Phương Oanh.\r\n\r\n\"Nếu thực sự giữa hai người có quan hệ bất chính, chúng tôi sẽ làm văn bản gửi lên cơ quan chủ quản của Phương Oanh và tiếp tục có những động thái khác\", đại diện của doanh nhân Lan Hương nói.', 22, NULL, '2022-09-22', NULL, NULL),
(18, 'Nhóm nữ chiếm lĩnh thị phần Hàn Quốc', 'https://znews-photo.zingcdn.me/w960/Uploaded/qfssu/2022_09_21/BLACKPINK_announce_release_of_new_single_Shut_Down.jpg', 'BlackPink, New Jeans và IVE đang là 3 nhóm nhạc nữ nổi tiếng ở Kpop. Họ nắm giữ những vị trí cao trên các bảng xếp hạng âm nhạc Hàn Quốc.', 'Trong bài viết ngày 21/9, tờ Hankyung chỉ ra BlackPink, New Jeans và IVE là 3 nhóm nhạc nữ nổi tiếng nhất hiện nay. Mỗi nhóm nhạc đang có ít nhất 2 ca khúc trong top 10 bảng xếp hạng Melon - trang nghe nhạc chiếm thị phần lớn nhất Hàn Quốc. Tờ Hankyung gọi 3 nhóm nhạc kể trên là tam giác quyền lực của thần tượng nữ. Họ đang thống trị các bảng xếp hạng âm nhạc bằng những màu sắc riêng biệt.\r\n\r\nMàn trở lại thành công của BlackPink\r\nBlackPink vừa trở lại với album Born Pink và ca khúc chủ đề Shut Down. Sản phẩm thể hiện rõ màu sắc đặc trưng của BlackPink. Tờ Korea Herald nhận định album Born Pink được tạo ra từ sự tự tin, hoang dã và âm nhạc mượt mà, bắt tai, chất giọng độc đáo của BlackPink.\r\n\r\nĐiều đặc biệt ở album là nỗ lực của BlackPink để thể hiện màu sắc âm nhạc khác nhau dựa trên âm hưởng hip hop. Trong Pink Venom, nhà sản xuất Teddy pha trộn giai điệu của nhạc cụ truyền thống Hàn Quốc với âm thanh hip hop mạnh mẽ. Vẫn còn nhiều tranh luận về ca khúc này, nhưng với tiếng tăm sẵn có của BlackPink lẫn phần rap ấn tượng từ Jennie, Lisa, Pink Venom được khán giả đón nhận. Ca khúc đang đứng hạng 3 trên bảng xếp hạng Melon. Trong khi đó, Shut Down nắm giữ vị trí liền kề là hạng 4.', 23, NULL, '2022-09-22', NULL, NULL),
(19, 'Nhạc sĩ Nguyễn Văn Chung nhận tác quyền hơn 1 tỷ đồng năm 2021', 'https://znews-photo.zingcdn.me/w960/Uploaded/qfssu/2022_09_20/50fc2a576789a3d7fa98_1.jpg', 'Trung tâm Bảo vệ quyền tác giả âm nhạc Việt Nam thu hơn 1.063 tỷ đồng trong 20 năm qua. Một số nhạc sĩ nhận tác quyền hơn 1 tỷ đồng trong năm 2021.', 'Trong lễ kỷ niệm 20 năm thành lập diễn ra ngày 20/9, Trung tâm Bảo vệ quyền tác giả âm nhạc Việt Nam (VCPMC), thuộc Hội nhạc sĩ Việt Nam cho biết đã thu được 1,063 tỷ đồng trong giai đoạn 2002-2021. Năm 2002, VCPMC thu về 78 triệu đồng, 2012 thu 48 tỷ đồng. Đến 2021, số tiền tăng lên 160 tỷ đồng và 2022, con số dự kiến đạt trên 230 tỷ đồng.\r\n\r\nTừ số thành viên ban đầu là 274 nhạc sĩ, hiện VCPMC làm việc với gần 5.200 tác giả. Theo VCPMC, tiền bản quyền tác phẩm Việt Nam thu về từ các tổ chức nước ngoài từ năm 2010 đến nay đạt gần 20 tỷ đồng và tăng dần qua các năm. Đến tháng 9/2022, trung tâm ký thỏa thuận ủy quyền với 86 tổ chức quản lý tập thể về quyền tác giả ở gần 160 quốc gia và vùng lãnh thổ trên thế giới.\r\n\r\nNhạc sĩ Đức Trịnh, Chủ tịch Hội nhạc sĩ Việt Nam cho rằng sau 20 năm qua, từ chỗ các nhạc sĩ, tác giả thành viên chưa hiểu nhiều về Luật Sở hữu trí tuệ, nhất là việc bảo hộ quyền tác giả đối với các tác phẩm âm nhạc, đến nay ý thức về quyền tác giả âm nhạc đã dần hình thành, đi vào trong đời sống xã hội.\r\n\r\nTổng giám đốc VCPMC - ông Đinh Trung Cẩn - cho biết dòng nhạc thu được nhiều tiền tác quyền nhất là nhạc cách mạng sử dụng trong phát thanh, truyền hình và nhiều chương trình văn hóa, xã hội. Kế đến là nhạc thị trường, nhạc trẻ - thường chỉ thu hút trong thời gian ngắn, sau một thời gian thì biến mất. Cuối cùng là nhạc cổ điển - kén người nghe, sử dụng.', 23, NULL, '2022-09-22', NULL, NULL),
(22, 'Sông băng ‘ngày tận thế’ tan nhanh chưa từng thấy', 'https://znews-photo.zingcdn.me/w660/Uploaded/ifyyy/2022_09_06/220904135914_01_thwaites_doomsday_glacier_sea_level_climate_exlarge_169.jpg\r\n', 'Nước ấm đang tác động vào mọi phía của sông băng Thwaites, khiến kịch bản toàn bộ thềm băng tách ra và sau đó đổ vào đại dương không còn xa.', 'Sông băng Thwaites của Nam Cực được mệnh danh là “sông băng ngày tận thế” vì nguy cơ sụp đổ cao và mối đe dọa đối với mực nước biển toàn cầu. Nó chứa đủ lượng nước để nâng mực nước biển lên 3 m.\r\n\r\nCác nhà khoa học cho biết diện tích sông băng này sẽ thu hẹp rất nhanh trong những năm tới. Điều này dấy lên nhiều lo ngại về mức nước biển dâng cao một cách cực đoan, đi kèm với khả năng sụp đổ của sông băng, theo CNN.\r\n\r\nPhần rìa dưới nước của sông băng đang bị xói mòn do thời tiết Trái Đất ấm lên. Trong một nghiên cứu được công bố ngày 5/9 trên tạp chí Nature Geoscience, các nhà khoa học đã lập bản đồ quá trình thu hẹp của sông băng, hy vọng sẽ tìm ra tình trạng sông băng trong tương lai.\r\n\r\nNghiên cứu chỉ ra rằng vào một thời điểm nào đó trong hai thế kỷ qua, đáy sông băng đã bị đánh bật khỏi đáy biển và bị khoét sâu với tốc độ 2,1 km mỗi năm. Con số này gấp đôi những gì các nhà khoa học quan sát được trong thời gian qua.', 21, NULL, '2022-09-21', NULL, NULL),
(23, 'Doanh nghiệp Mỹ háo hức đầu tư vào năng lượng sạch ở Việt Nam', 'https://znews-photo.zingcdn.me/w660/Uploaded/ifyiv/2022_09_05/John_Kerry_6_.JPG', 'Sau khi thăm sông Sài Gòn và bờ biển Bến Tre, ông John Kerry nhận ra nguy cơ nước biển dâng đe dọa đến người dân ở đây. Ông khẳng định Mỹ sẽ hỗ trợ Việt Nam chống biến đổi khí hậu.', 'Sau khi thăm sông Sài Gòn và bờ biển Bến Tre, ông John Kerry nhận ra nguy cơ nước biển dâng đe dọa đến người dân ở đây. Ông khẳng định Mỹ sẽ hỗ trợ Việt Nam chống biến đổi khí hậu.\r\nNắng nóng ở châu Âu, hạn hán ở Trung Quốc, lũ lụt tại Pakistan… các sự kiện thời tiết cực đoan đang xảy ra ngày càng thường xuyên trên toàn thế giới do tác động của biến đổi khí hậu.\r\n\r\nJohn Kerry - Đặc phái viên về biến đổi khí hậu của tổng thống Mỹ, người đã làm việc trong lĩnh vực này 30 năm qua - hiểu điều đó hơn ai hết. Ông không giấu sự lo lắng của mình trong buổi trao đổi với báo chí vào sáng 5/9 nhân chuyến thăm Việt Nam.\r\n\r\n“Chúng ta vẫn chưa hành động đủ nhanh. Tôi đã thấy được mối nguy chúng ta sẽ phải đối mặt nếu không hành động nhanh hơn, sau khi tôi có dịp đi thăm Bến Tre và sông Sài Gòn”, ông Kerry nói với Zing. “Giải pháp cho khủng hoảng khí hậu là năng lượng sạch và giảm phát thải”', 21, NULL, '2022-09-21', NULL, NULL),
(24, 'Lật lại vụ án nữ sinh gốc Hàn bị sát hại ở Mỹ', 'https://znews-photo.zingcdn.me/w960/Uploaded/pwvopivp/2022_09_20/WJTLMNEEIRDNFBIQVQCKOCK2ZQ.jpeg', 'Hơn 20 năm kể từ khi Hae Min Lee bị sát hại, người từng bị kết án giết người trong vụ án này vừa được trả tự do.', 'Ngày 19/9, thẩm phán Tòa án thành phố Baltimore, bang Maryland, Mỹ, đã hủy bản án về tội giết người của Adnan Syed để xét xử lại vì xuất hiện tình tiết mới.\r\n\r\nSyed bị kết tội giết người cấp độ 1, bắt cóc, cướp của và giam giữ người trái phép tháng 2/2000. Ông ta lãnh án chung thân và 30 năm tù giam.\r\n\r\n22 năm sau, thẩm phán Melissa Phinn cho biết các công tố viên đã đưa ra lập luận thuyết phục về việc phán quyết về Syed là sai. Ông ta được trả tự do ngay lập tức. Vì thế, vụ án từng gây rúng động Baltimore có thêm ngã rẽ mới.\r\n\r\nNgày định mệnh\r\nHae Min Lee sinh năm 1980 tại Hàn Quốc. Năm 1992, cô cùng mẹ và anh trai Young Lee di cư sang Mỹ. Cô học cấp 3 tại trường Woodlawn High School ở thành phố Baltimore, bang Maryland.\r\n\r\nNgày 13/1/1999, gia đình báo tin Hae Min mất tích sau khi cô không đi đón em họ từ nhà nhà trẻ như dự định. Cô học tại trường vào ngày hôm đó, vài người nhìn thấy cô rời khỏi trường khi tan học.\r\n\r\nCảnh sát Baltimore nhanh chóng điều tra vụ mất tích. Bạn trai cũ của cô, Adnan Syed, nói anh nhìn thấy cô lần cuối khi buổi học kết thúc và không gặp cô vào ngày hôm đó.', 27, NULL, '2022-09-22', NULL, NULL),
(25, 'Cựu tổng giám đốc Thuduc House khai gì với cơ quan điều tra', 'https://znews-photo.zingcdn.me/w660/Uploaded/bzivolby/2022_08_27/td2_1.jpg', 'Ông Nguyễn Vũ Bảo Hoàng khai biết Thuduc House không được hoàn thuế nhưng bị can này đã ký 17 giấy đề nghị hoàn trả khoản thu ngân sách Nhà nước nhằm chiếm đoạt hơn 365 tỷ đồng.', 'Cơ quan cảnh sát điều tra Bộ Công an vừa ban hành kết luận điều tra, đề nghị VKSND Tối cao truy tố bị can Nguyễn Vũ Bảo Hoàng (cựu Tổng giám đốc Công ty CP Phát triển nhà Thủ Đức - Thuduc House) và 33 bị can trong vụ án Lừa đảo chiếm đoạt tài sản; Lạm dụng chức vụ, quyền hạn chiếm đoạt tài sản; Vận chuyển trái phép tiền tệ qua biên giới; Sản xuất hàng giả; buôn lậu; Nhận hối lộ.\r\n\r\nTrong vụ án này, ông Nguyễn Vũ Bảo Hoàng bị đề nghị truy tố về tội Lừa đảo chiếm đoạt tài sản theo Điều 174 Bộ luật Hình sự.', 27, NULL, '2022-09-22', NULL, NULL),
(28, 'Xu hướng chỉ mặc áo bra xuống phố', 'https://znews-photo.zingcdn.me/w960/Uploaded/bzqvpdlu/2022_09_20/im_624616.jpg', 'Những chiếc bra được thiết kế phù hợp để mặc ngoài, dày dặn hơn nội y hay những áo ngực tam giác mỏng, đang trở thành xu hướng thời trang nhiều nữ giới theo đuổi.', 'Vào những năm 1960, Barbara Eden đã diện một chiếc bra quyến rũ để vào vai thần đèn gợi cảm trong series truyền hình I Dream of Jeannie. Nhà đài NBC khi đó đã có bước đi táo bạo khi xây dựng phong cách nhân vật với áo bra, áo khoác bolero và quần harem không để lộ rốn.\r\n\r\n50 năm sau khi nhân vật Jeannie mở đường cho việc nữ giới mặc bra nơi công cộng, ngày càng có nhiều phụ nữ ở mọi lứa tuổi và vóc dáng đi theo phong cách này.\r\n\r\n“Bây giờ là thời đại của áo bra”, Eli Mizrahi, nhà thiết kế của thương hiệu thời trang Mônot (Pháp) nói với WSJ.\r\n\r\nNhư những chiếc áo phông cơ bản, áo bra đang thực sự trở thành item không thể thiếu trong tủ đồ của nữ giới, từ những người nổi tiếng như Zoë Kravitz, Gwyneth Paltrow, Florence Pugh cho đến bất kỳ người phụ nữ bình thường nào khác. Chúng có thể được mặc bên dưới blazer, áo cài cúc hay thậm chí táo bạo hơn là mặc một mình.', 10, NULL, '2022-09-22', NULL, NULL),
(29, 'Thêm một thử thách phá hoại lan truyền trên TikTok', 'https://znews-photo.zingcdn.me/w660/Uploaded/ofh_btgazspf/2022_07_26/7dde6f24cce50ebb57f4.jpg', '\"Kia Challenge\", thử thách khởi động ôtô bằng cáp USB, được cho là xúi giục hành vi phá hoại và trộm cắp.', 'Thử thách này đang trở thành trào lưu gây phẫn nộ khiến TikTok phải tìm cách ngăn chặn. Người xem được khuyến khích báo cáo vi phạm khi nhìn thấy những nội dung này.\r\n\r\nTheo Distractify, xu hướng độc hại được cho bắt đầu xuất hiện từ đầu tháng 7 với video của tài khoản @robbierayyy (clip gốc đã bị ẩn hoặc xóa), ghi lại các bước khởi động một chiếc ôtô Kia chỉ bằng một cáp USB.\r\n\r\nTuy nhiên, trong quá trình thực hiện, toàn bộ hộp đánh lửa của xe bị lộ ra ngoài khiến hành động này trở nên nguy hiểm, đặc biệt với những người không có chuyên môn.\r\n\r\nVideo nhanh chóng trở thành một dạng thử thách lan truyền trên TikTok, khi nhiều người làm theo để \"thử nghiệm lý thuyết\". Trào lưu trở nên lệch lạc khi những kẻ \"theo trend\" cố gắng đột nhập vào xe của người khác để quay video.', 10, NULL, '2022-09-21', NULL, NULL),
(30, 'Thống nhất một mức khởi điểm đấu giá biển số ôtô', 'https://znews-photo.zingcdn.me/w660/Uploaded/divbzivo/2022_10_13/GP_zing.jpeg', 'Ủy ban Thường vụ Quốc hội thống nhất để một mức khởi điểm khi đấu giá biển số ôtô, áp dụng chung trên toàn quốc.', 'Ngày 13/10, Tổng thư ký Quốc hội thông báo kết luận của Ủy ban Thường vụ Quốc hội về dự thảo nghị quyết về thí điểm cấp quyền lựa chọn sử dụng biển số ôtô thông qua đấu giá.\r\n\r\nỦy ban Thường vụ Quốc hội đánh giá cao Chính phủ, Bộ Công an, các bộ, cơ quan có liên quan đã tích cực nghiên cứu, chuẩn bị hồ sơ dự thảo nghị quyết của Quốc hội về thí điểm cấp quyền lựa chọn sử dụng biển số ôtô thông qua đấu giá.\r\n\r\nỦy ban Thường vụ Quốc hội cơ bản nhất trí với tờ trình của Chính phủ, tán thành sự cần thiết ban hành nghị quyết của Quốc hội về thí điểm cấp quyền lựa chọn sử dụng biển số ôtô thông qua đấu giá; đồng thời cơ bản nhất trí với báo cáo thẩm tra sơ bộ của Thường trực Ủy ban Quốc phòng và An ninh.\r\n\r\nVề tên gọi, đối tượng, nội dung nghị quyết trên cơ sở 5 chính sách như Chính phủ đề nghị, thiết kế ngắn gọn rõ, dễ hiểu, dễ nhớ, dễ thực hiện theo hướng tạo sự hấp dẫn và có lợi cho người dân khi tham gia đấu giá. Từ đó, bảo đảm công khai, minh bạch, đúng phạm vi thí điểm của Quốc hội, nhất là vấn đề khác văn bản luật hiện hành.\r\nỦy ban Thường vụ Quốc hội nhất trí chỉ thí điểm đối với biển số ôtô chữ đen nền trắng trong kho biển số chưa được đăng ký; đồng ý cho đấu giá trong trường hợp chỉ có một người đăng ký tham gia đấu giá, một người tham gia đấu giá, một người trả giá.\r\n\r\nỦy ban Thường vụ Quốc hội cũng đề nghị chỉnh sửa tên, điều chỉnh bố cục dự thảo nghị quyết phù hợp; nghiên cứu bổ sung các quyền, nghĩa vụ của người trúng đấu giá và người nhận chuyển nhượng, cho tặng, thừa kế để quy định cho phù hợp.\r\n\r\nGiá biển số được áp dụng thống nhất trên toàn quốc với một mức khởi điểm. Ủy ban Thường vụ Quốc hội cũng yêu cầu nghiên cứu, tính toán kỹ lưỡng về thời gian thí điểm để kịp thời luật hoá nội dung này đồng bộ với việc sửa đổi Luật Giao thông đường bộ.\r\n\r\nỦy ban Thường vụ Quốc hội đề nghị Chính phủ khẩn trương hoàn thiện, gửi hồ sơ dự thảo nghị quyết này đến các cơ quan của Quốc hội để Ủy ban Quốc phòng và An ninh chủ trì, phối hợp các cơ quan liên quan thẩm tra và trình Quốc hội cho ý kiến tại kỳ họp thứ 4 theo quy định của pháp luật.', 31, NULL, '2022-10-13', NULL, NULL),
(31, 'Chủ tịch OceanBank về làm sếp VietinBank', 'https://znews-photo.zingcdn.me/w210/Uploaded/spluwao/2022_10_13/4036_1665593623.jpg', 'Sau 7 năm dẫn dắt OceanBank giai đoạn tái cơ cấu, ông Đỗ Thanh Sơn về lại VietinBank làm Phó tổng giám đốc với thời hạn 5 năm kể từ 11/10.', 'Theo thông tin từ Ngân hàng TMCP Công thương Việt Nam (VietinBank), ông Đỗ Thanh Sơn vừa được bổ nhiệm làm Phó tổng giám đốc VietinBank\r\n\r\nTrước đây, ông Sơn vốn là Giám đốc chi nhánh 11 tại TP.HCM của VietinBank.\r\n\r\nTuy nhiên, ngay sau khi Ngân hàng Nhà nước mua lại Ngân hàng Đại dương (OceanBank) với giá 0 đồng, ông Sơn cùng một số nhân sự khác của VietinBank đã được cử sang tham gia quản trị, điều hành để tái cơ cấu OceanBank.\r\n\r\nSau đó, ông được bầu làm Chủ tịch Hội đồng thành viên OceanBank kể từ năm 2015.\r\n\r\nSuốt thời gian qua, hai khó khăn lớn nhất khi tái cơ cấu OceanBank là xử lý các khoản nợ và lỗ lũy kế. Tính đến cuối 2019, nhà băng này có khoản lỗ luỹ kế hơn 17.900 tỷ đồng. Tuy nhiên trong 4 năm gần đây, OceanBank đã có những cải thiện trong hoạt động kinh doanh, khi liên tục giảm lỗ lũy kế.\r\n\r\nHiện nay, OceanBank đã được Chính phủ lên phương án xử lý và có thể sẽ được chuyển giao lại cho một ngân hàng khác.\r\n\r\nGần đây nhất, lãnh đạo của Ngân hàng Quân đội (MB) đã xuất hiện tại hội nghị triển khai nhiệm vụ kinh doanh của OceanBank năm nay và phát biểu về \"việc hợp tác giữa hai bên\".\r\n\r\nÔng Lưu Trung Thái, Phó chủ tịch MB cho biết việc hợp tác với OceanBank vừa là nhiệm vụ chính trị, vừa là cơ hội của MB. Theo lộ trình của Ngân hàng Nhà nước mà Chính phủ đã cho phép, MB sẽ phối hợp cùng OceanBank kiểm tra, hệ thống dữ liệu và xây dựng phương án trình Chính phủ.', 6, NULL, '2022-10-13', NULL, NULL),
(32, 'Cách tiết kiệm khi du lịch tự túc Nhật Bản', 'https://znews-photo.zingcdn.me/w960/Uploaded/divspivp/2022_09_23/bobby_hendry_tEjf8G9L0j4_unsplash.jpg', 'Từ ngày 11/10, Nhật Bản tiếp tục nới lỏng nhiều quy định nhập cảnh với du khách Việt. Nếu biết cách chi tiêu, bạn có thể thoải mái vi vu Nhật Bản.', 'Hiện, khách Việt du lịch tự túc Nhật Bản được tự do đặt phòng khách sạn, vé máy bay, tour, hướng dẫn viên... thông qua bất cứ kênh nào. Mọi dịch vụ du lịch không còn thông qua công ty lữ hành như trước.\r\n\r\nBên cạnh việc đồng yen giảm giá, dưới đây là một số gợi ý giúp chuyến đi tự túc của bạn tiết kiệm hơn.\r\n\r\nDi chuyển\r\nSử dụng các phương tiện công cộng là lựa chọn khá hợp lý dành cho những du khách muốn giảm áp lực chi phí. Tuy nhiên, bạn cần tìm hiểu kỹ cách thức di chuyển, ga mình muốn đến và thời gian tàu chạy cũng như thiết kế lịch trình phù hợp.\r\n\r\nNếu có nhu cầu đi lại giữa các thành phố chính như Tokyo, Kyoto, Osaka, du khách có thể mua trọn gói vé tàu của Japan Rail Pass. Loại vé này không giới hạn số lần di chuyển, bao gồm cả tàu shinkansen (tàu cao tốc).\r\n\r\nNgoài ra, du khách còn có thể lựa chọn vé Seishun 18 Kippu. Loại vé này cho phép bạn sử dụng tàu địa phương và tất cả các loại tàu trong hệ thống JR toàn nước Nhật, không giới hạn số lần lên xuống, trong vòng 5 ngày.', 18, NULL, '2022-10-12', NULL, NULL),
(33, 'Cặp đôi hưởng tuần trăng mật trên tàu chở quặng', 'https://znews-photo.zingcdn.me/Uploaded/tmuitg/2022_10_01/thumb.jpg', 'Thay vì một kỳ nghỉ lãng mạn ở Paris hay Maldives, cặp đôi người Croatia lại có một lựa chọn khác thường: đi tàu chở quặng xuyên Tây Bắc châu Phi.', 'Khi lên kế hoạch cho tuần trăng mật, nhiều đôi sẽ chọn những điểm đến đáng mơ ước như Paris, thành phố tình yêu, hay Maldives, nơi có làn nước xanh biếc. Hiếm ai như Kristijan và Andrea Ilicic, cặp đôi mới cưới này lựa chọn chuyến tàu chở hàng đầy bụi đất đi qua sa mạc của Mauritania.\r\nTrước đó, với công việc là influencer mảng du lịch, cả hai đã đến nhiều nơi trên thế giới. Kristijan đã đi được không dưới 150 điểm. Anh trả lời CNN qua email: “Chúng tôi đã thấy nhiều chốn. Lần này, chúng tôi muốn thấy gì đó hoàn toàn khác biệt, và đã tìm được ở Mauritania”.\r\nĐiểm nhấn trong chuyến đi của họ là bộ ảnh chụp trên khoang chở đầy quặng sắt khi tàu đi qua sa mạc trên chuyến hành trình dài 700 km, từ thị trấn mỏ Zouérat đến cảng Nouadhibou. Bộ ảnh nhận hơn 40.000 lượt thích.', 18, NULL, '2022-10-13', NULL, NULL),
(34, 'Thêm nhiều trường đại học công bố điểm chuẩn đợt xét tuyển bổ sung', 'https://znews-photo.zingcdn.me/w1000/Uploaded/rkxqxqeiox/2022_10_09/thi_thpt_2019_9_1_.jpg', 'ĐH Kinh tế - Tài chính TP.HCM, ĐH Tân Trào, Học viện Phụ nữ Việt Nam và nhiều trường khác đã công bố điểm trúng tuyển của đợt xét tuyển bổ sung năm 2022.', 'ĐH Kinh tế - Tài chính TP.HCM, ĐH Tân Trào, Học viện Phụ nữ Việt Nam và nhiều trường khác đã công bố điểm trúng tuyển của đợt xét tuyển bổ sung năm 2022.\r\nCụ thể, ĐH Kinh tế - Tài chính TP.HCM công bố điểm chuẩn ở phương thức xét học bạ THPT đợt bổ sung (bao gồm xét theo tổ hợp 3 môn lớp 12 và xét theo tổng điểm trung bình 3 học kỳ) của 35 ngành đào tạo đều là 18 điểm.\r\n\r\nTại ĐH Tân Trào, mức điểm trúng tuyển trình độ đại học, trình độ cao đẳng ngành Giáo dục Mầm non, hệ chính quy tuyển sinh bổ sung đợt 1, dựa trên phương thức xét kết quả thi tốt nghiệp THPT là từ 15 đến 24,75 điểm. Ngành có điểm chuẩn cao nhất là Giáo dục Tiểu học.\r\n\r\nGiáo dục Tiểu học cũng là ngành có điểm trúng tuyển cao nhất của phương thức xét kết quả học bạ THPT (với 24 điểm). Cùng phương thức tuyển sinh này, các ngành còn lại lấy điểm chuẩn từ 16 đến 22 điểm.\r\n\r\nDanh sách điểm trúng tuyển đợt bổ sung của ĐH Tân Trào như sau:', 28, NULL, '2022-10-13', NULL, NULL),
(35, '14 trường đại học đầu tiên thông báo điểm chuẩn đợt xét tuyển bổ sung', 'https://znews-photo.zingcdn.me/w960/Uploaded/rkxqxqeiox/2022_07_10/DSC_5400.jpg', 'Các trường đại học đã công bố điểm trúng tuyển đợt xét bổ sung năm 2022 là 12 trường, khoa thành viên trực thuộc ĐH Huế, ĐH Mỏ - Địa chất và Học viện Hàng không Việt Nam.', 'Theo đó, hội đồng tuyển sinh ĐH Huế vừa công bố điểm trúng tuyển bổ sung đợt 1 vào đại học hệ chính quy của 12 trường, khoa thành viên, dựa trên phương thức xét điểm thi tốt nghiệp THPT và xét kết quả học tập cấp THPT.\r\n\r\nĐối với phương thức xét điểm thi tốt nghiệp THPT, điểm trúng tuyển vào các ngành xét bổ sung đợt 1 của ĐH Ngoại ngữ (ĐH Huế) là từ 15 đến 20 điểm. Cùng phương thức này, ĐH Kinh tế (ĐH Huế) lấy mức điểm chuẩn từ 16 đến 18 điểm. ĐH Sư phạm (ĐH Huế) có điểm trúng tuyển bổ sung đợt 1 từ 19 đến 23,5 điểm.\r\n\r\n4/5 ngành học tuyển bổ sung của ĐH Y - Dược (ĐH Huế) dựa trên phương thức xét điểm thi tốt nghiệp THPT đều có điểm chuẩn là 19 điểm; riêng ngành Y tế cộng đồng lấy điểm trúng tuyển là 16.\r\n\r\nThí sinh có thể xem tất cả điểm trúng tuyển bổ sung đợt 1 ở các trường, khoa thành viên của ĐH Huế tại website trường.\r\n\r\nĐH Mỏ - Địa chất cũng thông báo điểm trúng tuyển vào đại học hệ chính quy năm 2022 - đợt 2 đối với các thí sinh đăng ký xét tuyển theo kết quả thi THPT năm 2022, thuộc khu vực 3 cụ thể như sau:', 28, NULL, '2022-10-13', NULL, NULL),
(36, 'Ngôi trường sản sinh ra nhiều người siêu giàu nhất thế giới', 'https://znews-photo.zingcdn.me/w660/Uploaded/lert/2022_09_15/1.jpg', 'Harvard là ngôi trường có nhiều cựu sinh viên nằm trong nhóm người siêu giàu nhất thế giới.', 'Trong thị trường giáo dục ngày càng cạnh tranh, các trường học cần tận dụng tối đa mối quan hệ với các cựu sinh viên siêu giàu và các cựu sinh viên đang là thành viên điều hành cao cấp ở nhiều công ty.\r\n\r\nĐể nắm bắt thông tin chi tiết về các cựu sinh viên giàu có và có tầm ảnh hưởng, báo cáo này tập trung vào 2 nhóm: những người cực kỳ giàu có (những người có giá trị tài sản ròng hơn 30 triệu USD) và giám đốc điều hành cấp cao của các công ty.\r\n\r\n2 nhóm đối tượng này là trọng tâm báo cáo mới nhất Bảng xếp hạng các trường đại học có cựu sinh viên giàu có và có tầm ảnh hưởng năm 2022 của Altrata.\r\n\r\nĐại học Harvard đứng đầu hạng mục Trường đại học có nhiều cựu sinh viên siêu giàu nhất, với khoảng 17.660 cựu sinh viên có khối tài sản khổng lồ. Con số này cao gấp đôi so với Đại học Stanford và Đại học Pennsylvania, 2 trường lần lượt xếp vị trí thứ 2 và thứ 3.\r\n\r\nTrong danh sách các trường đại học ngoài nước Mỹ, nước Anh cũng có rất nhiều cựu sinh viên giàu có, chiếm 3 trên 5 vị trí hàng đầu. Đại học Cambridge dẫn đầu, mặc dù xếp sau 6 học viện hàng đầu của Mỹ và có số liệu ít hơn 1/4 so với Harvard.', 29, NULL, '2022-10-13', NULL, NULL),
(37, 'Hoài Lâm đi diễn, nhận cát-xê trở lại sau thời gian từ bỏ showbiz', 'https://znews-photo.zingcdn.me/w960/Uploaded/qfssu/2022_10_09/3_4783_1660103767_16640666133591338993811_1.jpg', 'Đêm nhạc của Hoài Lâm diễn ra ngày 15/10 tại Đà Lạt. Thông tin này gây chú ý bởi hơn 2 năm qua, nam ca sĩ sống ở Vĩnh Long và rời xa showbiz.', 'Ngày 11/10, khán giả và cộng đồng fan của Hoài Lâm chia sẻ trên mạng xã hội thông tin nam ca sĩ đi diễn trở lại sau thời gian dài dừng hoạt động.\r\n\r\nTrao đổi với Zing, anh Võ Văn Nam - chủ đơn vị mời Hoài Lâm đi diễn trở lại - xác nhận đêm nhạc của nam ca sĩ diễn ra ngày 15/10 tại Đà Lạt. Chương trình còn có sự tham gia của ca sĩ Bạch Công Khanh.\r\n\r\nAnh Nam cho biết mất nhiều thời gian để Hoài Lâm đồng ý biểu diễn trở lại vì thời gian dài vừa qua giọng ca sinh năm 1995 dừng hoạt động. Khi được hỏi về cát-xê, anh Nam cho biết giọng ca Hoa nở không màu không đặt nặng vấn đề này.\r\n\r\nNhưng Hoài Lâm sẽ nhận cát-xê.\r\nTháng 10/2018, khi đang là ca sĩ nổi tiếng, được đông đảo khán giả yêu thích, Hoài Lâm đột ngột hủy show và tuyên bố dừng ca hát 2 năm. Hoài Lâm từng cho biết trong giai đoạn ngừng ca hát, anh kiếm sống bằng nghề lái xe. Sau đó, giọng ca sinh năm 1995 hoạt động cầm chừng, ít ra sản phẩm và đi hát.\r\n\r\nNăm 2019, Hoài Lâm xác nhận kết hôn với Bảo Ngọc. Tuy nhiên, một năm sau đó, họ ly hôn. Kể từ đó, Hoài Lâm trở về Vĩnh Long sinh sống cùng gia đình. Kể từ đó, giọng ca trẻ gần như rút khỏi showbiz và hoạt động giống một nghệ sĩ Underground. Anh vẫn ra sản phẩm đều đặn nhưng không đi diễn. Nam ca sĩ giải thích anh muốn sống yên bình và chưa có ý định đi diễn trở lại.\r\n\r\nGần đây, Hoài Lâm gây tranh luận về giọng hát. Khán giả cho rằng ở một số livestream, nam ca sĩ lộ giọng hát chênh phô khi lên nốt cao. Về vấn đề trên, Hoài Lâm giải thích: “Một nghệ sĩ muốn hát bài cao, trước hết phải đứng trước nhiều khán giả hát bài thấp, sau đó chứng tỏ thực lực bằng quãng giọng cao. Tuy nhiên, lâu quá rồi tôi không đứng ở sân khấu lớn và hát trước nhiều người, do đó giọng của tôi thấp lại. Đó cũng là điều đương nhiên thôi\".', 23, NULL, '2022-10-12', NULL, NULL),
(38, 'Không thiếu phụ nữ xuất chúng nhưng giải Nobel vẫn ít gọi tên họ', 'https://znews-photo.zingcdn.me/w480/Uploaded/lepz/2022_10_06/nobel_t.jpg', 'Phụ nữ và người đến từ các nước đang phát triển có ít khả năng đoạt giải Nobel hơn nam giới và công dân các nước phát triển. Đây là một vấn đề, các chuyên gia nhận định với Zing.', 'Mùa giải Nobel 2022 đã khép lại, cái tên của 12 cá nhân và 2 tập thể đoạt giải Nobel năm 2022 trong cả 6 lĩnh vực đã được công bố. Dù đa dạng về lĩnh vực hoạt động, 12 cá nhân kể trên có chung đặc điểm: Là người da trắng, đến từ Mỹ hoặc châu Âu.\r\n\r\nTrong số này, tới 10 người là nam giới. Hai người phụ nữ còn lại được trao giải là nhà văn Annie Ernaux và nhà hóa học Carolyn R. Bertozzi.\r\n\r\nThiếu tính đại diện đã là thực trạng của giải Nobel kể từ khi ra đời đến nay. Thống kê cho thấy số lượng nam giới đạt giải - đặc biệt trong ba lĩnh vực khoa học tự nhiên là y - sinh, vật lý và hóa học - cao hơn hẳn nữ giới. Các nhà khoa học ở các nước phát triển cũng dễ giành giải hơn các nước đang phát triển.\r\n\r\n“Khi tôi học đại học tại Nam Phi, trường tôi treo ảnh của tất cả người từng đoạt giải Nobel hóa học. Tôi ngưỡng mộ họ và nghĩ: Điều này thật tuyệt vời”, ông Marc Zimmer, giáo sư hóa học tại Đại học Connecticut (Mỹ), chia sẻ với Zing.\r\n\r\n“Nếu bạn là phụ nữ, là người da màu hoặc có điểm khác biệt so với họ, bạn nhìn vào những người đàn ông này, nghĩ rằng: ‘Mình sẽ không bao giờ làm được điều này’. Tôi nghĩ đây là vấn đề”, vị giáo sư nhận xét.\r\n\r\nSự chênh lệch rõ ràng\r\nTrong số 959 cá nhân đoạt giải Nobel tính từ năm 1901 đến 2022, 898 người là nam giới và chỉ có 61 người là nữ giới, theo thống kê của Statista và Zing. Xét về quốc tịch, 19 trong số 20 quốc gia dẫn đầu về số lượng giải Nobel là nước phát triển, chủ yếu nằm ở Bắc Mỹ hay châu Âu. Chỉ có Ấn Độ là nước đang phát triển duy nhất có tên trong danh sách.\r\n\r\n“Tôi không nghĩ đây là lỗi trong quá trình lựa chọn người đoạt giải Nobel. Đây là vấn đề lớn hơn”, giáo sư Zimmer nhận định.', 21, NULL, '2022-10-17', NULL, NULL),
(39, 'Mùa giải Nobel 2022 gọi tên nhà khoa học nữ đầu tiên', 'https://znews-photo.zingcdn.me/w960/Uploaded/xtsum/2022_10_05/bertozzi_meldal_sharpless_3_2_992x656.jpg', 'Giải Nobel Hóa học 2022 thuộc về hai nhà khoa học Mỹ và một đồng nghiệp Đan Mạch vì đóng góp cho sự phát triển của hóa học click và hóa học trực giao.', 'Chiều 5/10, Viện Hàn lâm khoa học hoàng gia Thụy Điển công bố giải Nobel Hóa học năm 2022 được trao cho ba nhà khoa học Carolyn R. Bertozzi (Mỹ), Morten Meldal (Đan Mạch) và K. Barry Sharpless (Mỹ) về sự phát triển của nghiên cứu phản ứng hóa học click và phản ứng hóa học trực giao.\r\n\r\nỦy ban Nobel cho biết tiến sĩ Bertozzi là người phụ nữ thứ 8 được trao giải Nobel. Bên cạnh đó, tiến sĩ Sharpless là nhà khoa học thứ năm được nhận hai giải Nobel.\r\n\r\nTiến Barry Sharpless là người đã đưa ra khái niệm về hóa học click vào khoảng năm 2000.\r\n\r\nNgay sau đó, giáo sư Morten Meldal và tiến sĩ Sharpless nghiên cứu độc lập về sự xúc tác azide-alkyne của đồng.\r\n\r\nNghiên cứu này được sử dụng trong việc phát triển dược phẩm, lập bản đồ ADN, theo The Noble Prize.\r\n\r\nTiến sĩ Carolyn Bertozzi đã đưa hóa học click lên một tầm cao mới khi đưa nó vào cơ thể sống.\r\n\r\nBà Bertozzi nhấn mạnh tầm quan trọng của liệu pháp click trong y học, liên quan đến \"phản ứng hóa học bên trong bệnh nhân, để đảm bảo thuốc đến đúng nơi\".\r\n\r\n“Lĩnh vực hóa học click vẫn còn trong giai đoạn đầu. Nhiều phản ứng mới được phát hiện và phát minh”, bà nói.\r\n\r\nJohan Aqvist, Chủ tịch Ủy ban Nobel Hóa học, nhận định giải thưởng năm nay giải quyết “những vấn đề không quá phức tạp, thay vào đó là giải quyết những vấn đề dễ dàng và đơn giản”, theo New York Times.\r\n\r\nÔng Aqvist cho biết hóa học click “hiện có thể được sử dụng để xây dựng các phân tử thuốc, polyme, vật liệu mới và nhiều thứ khác”.\r\n\r\nGiải thưởng 10 triệu crown Thụy Điển (tương đương 915.072 USD) sẽ được chia đều cho ba nhà khoa học.', 21, NULL, '2022-10-05', NULL, NULL),
(40, '\'Shipper bay\' dần trở thành hiện thực tại Mỹ', 'https://znews-photo.zingcdn.me/w960/Uploaded/lepz/2022_09_29/shipper_bay_ap.jpg', 'Nhiều công ty công nghệ đang thử nghiệm dịch vụ giao hàng qua máy bay không người lái (UAV) ở quy mô nhỏ với hy vọng đây sẽ là phương pháp của tương lai.', 'Dù các “shipper bay” giao bánh vẫn chưa trở thành chuyện thường ngày như lãnh đạo giới công nghệ mong đợi, dịch vụ này đã xuất hiện ở nhiều địa điểm trên khắp nước Mỹ.\r\n\r\nNhững người hoài nghi tỏ ra nghi ngờ về khả năng các “shipper bay” có thể vận hành ở quy mô lớn. Trong khi đó, phe ủng hộ cho rằng phương pháp này nhanh hơn, an toàn hơn và tốt cho Trái Đất hơn vận chuyển bằng xe tải, vốn thải ra nhiều khói bụi và khí nhà kính.\r\n\r\nTrong khi đó, giới chức Mỹ đang chạy đua để hoàn thiện quy định về lĩnh vực mới xuất hiện này. Một công ty “shipper bay” sẽ vẫn cần các giấy phép giống như doanh nghiệp vận chuyển thông thường, lãnh đạo một đơn vị cho biết.\r\n\r\nNhanh chóng và thuận tiện\r\nChỉ vài phút sau khi đặt nước qua ứng dụng, cô Tiffany Bokhari tại thành phố Frisco, bang Texas, Mỹ đã thấy một UAV từ từ hạ xuống nhà mình.\r\n\r\n“Bạn thậm chí có thể nhìn thấy các giọt nước ngưng tụ vì soda vẫn lạnh”, cô nói với AFP sau khi chiếc máy bay không người lái rời đi.\r\n\r\nHàng loạt công ty đã hoặc sắp cung cấp dịch vụ shipper bay tại nhiều khu vực ở các bang Texas, North Carolina và California. Những cái tên có thể kể đến như công ty khởi nghiệp Israel Flytrex, Wing - công ty con của Google - hay Amazon.\r\n\r\nTrên thực tế, chính nhà sáng lập Amazon Jeff Bezos là người từng hé lộ một chiếc UAV chuyển hàng năm 2013 trong một cuộc phỏng vấn với đài CBS. Ông dự đoán việc chuyển hàng bằng đường không sẽ trở nên phổ biến trong vòng 5 năm.', 21, NULL, '2022-10-02', NULL, NULL),
(41, 'Tiềm năng lớn của Việt Nam khi biến rác thải thành nhiên liệu', 'https://znews-photo.zingcdn.me/w360/Uploaded/rotntv/2022_09_29/istock_000000950192_medium.jpeg', 'Các chuyên gia nhận định Việt Nam có nhiều tiềm năng trong quá trình đồng xử lý rác thải nhựa tại các lò nung xi măng hiện nay, song cũng đứng trước không ít thách thức.', 'Đồng xử lý chất thải đã áp dụng rộng rãi ở châu Âu và được coi là phương pháp giải quyết nhiều vấn đề về môi trường, đặc biệt trong lĩnh vực sản xuất xi măng. Tuy nhiên, tại Việt Nam, phương pháp này chỉ được một số ít nhà máy áp dụng.\r\n\r\nTrao đổi với Zing, PGS.TS Lương Đức Long - Phó chủ tịch Hiệp hội Xi măng Việt Nam - chỉ ra ba rào cản lớn nhất đối với các nhà máy xi măng tại Việt Nam trong việc áp dụng phương pháp này. Đầu tiên phải kể tới nỗ lực về phía các doanh nghiệp.\r\n\r\n“Doanh nghiệp vẫn chưa thực sự nỗ lực áp dụng phương pháp đồng xử lý vào các nhà máy. Bên cạnh đó, họ phải bỏ ra số vốn lớn để đầu tư máy móc, thiết bị, cũng như gặp khó khăn trong quá trình áp dụng công nghệ mới. Cuối cùng, để sử dụng phương pháp này trong nhà máy, các doanh nghiệp cần phải xin cấp phép”, ông nhận định bên lề Hội thảo Đồng xử lý các nhiên liệu thay thế và nguyên liệu thô trong ngành xi măng tại Việt Nam.\r\n\r\nTheo Nghị định 38/2015/NĐ-CP, đồng xử lý chất thải là việc kết hợp quá trình sản xuất sẵn có để tái chế, xử lý, thu hồi năng lượng từ chất thải trong đó chất thải được sử dụng làm nguyên vật liệu, nhiên liệu thay thế hoặc được xử lý.\r\n\r\nHội thảo này được tổ chức sáng 29/9, với sự hỗ trợ của Đại sứ quán Na Uy tại Việt Nam, Tổ chức nghiên cứu khoa học và công nghiệp Na Uy (SINTEF) phối hợp với Hiệp hội Xi măng Việt Nam.\r\n\r\nHội thảo được tổ chức nhằm chia sẻ kinh nghiệm quốc tế và đồng xử lý chất thải trong ngành công nghiệp xi măng, cũng như các kết quả cuộc trình diễn gần đây sử dụng chất thải nhựa không thể tái chế tại nhà máy INSEE ở Hòn Chông, Kiên Giang, từ đó thảo luận về tiềm năng đồng xử lý trong tương lai của ngành xi măng Việt Nam.\r\n\r\nTiềm năng lớn\r\nPhát biểu khai mạc hội thảo, Phó đại sứ Na Uy Mette Møglestue cho biết Na Uy và Việt Nam, cũng như các thành viên tham gia Thỏa thuận Paris, đều cam kết mạnh mẽ trong việc chống biến đổi khí hậu và thực hiện các Đóng góp Quốc gia tự quyết định (NDC) nhằm giảm phát thải khí nhà kính. Bà Møglestue nhận định để đạt được mục tiêu này cần sự tham gia của nhiều lĩnh vực.\r\n\r\n“Chính phủ Na Uy đánh giá cao vai trò quan trọng của các viện nghiên cứu, khu vực tư nhân, các tổ chức phi chính phủ và các ngành công nghiệp trong quá trình này. Tôi rất vui khi biết rằng kết quả nghiên cứu của SINTEF trong việc sử dụng chất thải nhựa không thể tái chế làm nhiên liệu thay thế cho lò nung xi măng đã được chứng minh là thành công và có thể được nhân rộng ở Việt Nam”, vị phó đại sứ cho hay.\r\n\r\nBà Møglestue mong rằng thông qua Dự án OPTOCE do chính phủ Na Uy tài trợ và đang được thực hiện tại 5 quốc gia châu Á, trong đó có Việt Nam, “chúng tôi hy vọng Na Uy có thể giúp ngành xi măng Việt Nam nâng cao năng lực xử lý chất thải nhựa không thể tái chế, góp phần thực hiện mục tiêu phát thải ròng bằng 0 vào năm 2050 của Việt Nam”.\r\n\r\nBiến rác thải nhựa trên đại dương thành cơ hội trong nền kinh tế tuần hoàn (OPTOCE) là dự án khu vực do chính phủ Na Uy tài trợ và thực hiện ở 5 quốc gia, gồm Trung Quốc, Ấn Độ, Myanmar, Thái Lan và Việt Nam.', 21, NULL, '2022-09-30', NULL, NULL);
INSERT INTO `news` (`id`, `title`, `thumbnail`, `description`, `content`, `subCategoryId`, `createdBy`, `createdDate`, `modifiedBy`, `modifiedDate`) VALUES
(42, 'Thị trấn ở Italy nơi một nửa dân số mang họ Tucci', 'https://znews-photo.zingcdn.me/w480/Uploaded/pgi_dhbpgunat/2022_10_10/3.jpg', 'Trong phần mới nhất của show truyền hình \"Searching for Italy\", nam diễn viên Stanley Tucci đã chia sẻ về hành trình trở về thị trấn quê nhà, nơi rất nhiều người cùng họ với ông.', 'Theo CNN, trong phần mới nhất của show truyền hình \"Searching for Italy\" (Đi tìm đất nước Italy), người dẫn chương trình Stanley Tucci đã cùng gia đình trở về thị trấn Marzi, vùng Calabria, nơi cha mẹ ông sinh sống trước khi di cư đến Mỹ.\r\n\r\nĐây là lần đầu tiên diễn viên người Mỹ gốc Italy cùng cha mẹ trở về quê hương kể từ khi ông 12 tuổi.\r\nMột nửa thị trấn mang cùng một họ\r\n\"Đó là chuyến đi rất xúc động\", Stanley Tucci chia sẻ với người dẫn chương trình Christine Amanpour của đài CNN.\r\n\r\n\"Bạn biết đấy, cha tôi đã 92 tuổi, mẹ tôi 86 tuổi, và họ từng nghĩ rằng sẽ chẳng có cơ hội quay lại để gặp gỡ những người dân ở đó, nhưng cuối cùng chúng tôi đã có thể thực hiện chuyến đi. Và họ đã có một kỷ niệm tuyệt vời, rất xúc động\", ông Tucci nói thêm.\r\n\r\nTrong tập phim này, gia đình nhà Tucci đi dạo trên những con đường lát đá cổ xưa của thị trấn Marzi. Nếu coi đất nước Italy là một chiếc ủng như hình dáng của nó, thì Marzi nằm ở phần mũi giày.\r\n\r\nNam diễn viên cùng cha mẹ cố gắng tìm lại ngôi nhà cũ trong thị trấn nơi ông nội của ông - Stanislaw Tucci - từng sinh sống. Cha của ông cố gắng nhớ lại vị trí ngôi nhà, nhưng họ gặp phải một vấn đề vì gần như ngôi nhà nào cũng mang biển hiệu Tucci.\r\n\r\n\"Hóa ra là, cái tên Tucci không hề hiếm gặp ở đây. Một nửa dân số ở Marzi có cùng họ với gia đình tôi, và điều đó trở thành vấn đề khi cha tôi muốn tìm lại ngôi nhà của ông nội\", diễn viên chia sẻ.\r\n\r\nÔng Tucci cho biết cuối cùng mình và cha mẹ phải bỏ dở nhiệm vụ hóc búa này, một phần vì họ ngửi thấy mùi thức ăn đầy hấp dẫn từ một nhà hàng gần đó.\r\n\r\n\"Tôi nghĩ là chúng tôi cuối cùng phải đi ăn một thứ gì đó\", ông nói.\r\n\r\nCũng như nhiều chương trình khám phá khác về Italy, ẩm thực là một phần quan trọng trong show truyền hình này của Stanley Tucci. Và ở Calabria, cũng như các vùng khác ở Italy, người dân đặc biệt tự hào về những món ăn truyền thống của mình.\r\n\r\n\"Đối với người Italy, công thức nấu ăn là thứ cực kỳ quan trọng\", ông Tucci nói với bà Amanpour.', 19, NULL, '2022-10-16', NULL, NULL),
(43, 'Chuyện gì đang xảy ra ở Los Angeles', 'https://znews-photo.zingcdn.me/w480/Uploaded/tmgtjh/2022_10_16/1000.jpeg', 'Đoạn ghi âm bị rò rỉ của 3 thành viên hội đồng thành phố ở Los Angeles không chỉ gây chấn động vì hành vi phân biệt chủng tộc, mà còn có thể thay đổi bản đồ nơi đây.', 'Nỗ lực của ba chính trị gia người Mỹ gốc Latin nhằm tối đa hóa ảnh hưởng ở Los Angeles (bang California, Mỹ) đã phản tác dụng sau khi đoạn ghi âm cuộc trò chuyện phân biệt chủng tộc của họ bị rò rỉ. Bê bối đã khiến chủ tịch Hội đồng thành phố Los Angeles từ chức và có thể gây ra những hậu quả chính trị và pháp lý rộng hơn.\r\n\r\nNếu hai thành viên Hội đồng thành phố còn lại cũng từ chức đồng nghĩa với việc nhóm cử tri sẽ mất đi những người lãnh đạo quyền lực. Một cuộc điều tra cấp bang về cuộc trò chuyện này có thể sẽ diễn ra, dẫn đến xử lý hình sự và chôn vùi mọi nỗ lực hoạt động của họ bấy lâu nay.\r\n\r\nĐoạn ghi âm bê bối\r\nHôm 13/10, áp lực từ chức đè nặng lên ông Gil Cedillo và Kevin de Leon một ngày sau khi cựu Chủ tịch Hội đồng thành phố Los Angeles Nury Martinez từ chức vì bê bối phân biệt chủng tộc.\r\n\r\nTrong đoạn ghi âm bị rò rỉ, bà Martinez đã so sánh cậu con trai da đen của một đồng nghiệp với một con khỉ, coi thường người Mexico từ bang Oaxaca, có những lời lẽ xúc phạm người Armenia và người Do Thái.\r\n\r\nQuyền Chủ tịch Hội đồng Thành phố Mitch O\'Farrell đã hủy cuộc họp theo kế hoạch hôm 14/10, nói rằng các thành viên không thể tiếp tục làm việc cho đến khi hai người kia từ chức.\r\n\r\nĐoạn ghi âm từ một năm trước tiết lộ cuộc họp kín của ba thành viên hội đồng với một nhà lãnh đạo lao động quyền lực, với nội dung chính là thiết lập lại ranh giới quận sau mỗi thập kỷ.\r\n\r\nTrong đoạn ghi âm, vấn đề liên quan đến chủng tộc liên tục được đề cập.\r\n\r\nNgười Latin chiếm gần một nửa dân số của thành phố, nhưng chỉ có 4 ghế hay chỉ hơn 1/4 trong 15 chiếc ghế trong hội đồng thành phố vào thời điểm đó. Người da đen, chiếm chưa đến 10% dân số thì chỉ có 3 hoặc 1/5 ghế trong hội đồng.\r\n\r\nÔng de Leon đã miệt thị ông Mike Bonin - một người da trắng và là ủy viên Hội đồng thành phố Los Angeles - giống như \"người da đen thứ tư\" trong hội đồng và ngụ ý rằng ông ta sẽ không đứng về phía người Latin.\r\n\r\nCả nhóm đã bàn bạc về cách chiếm lại chiếc ghế trống của Mark Ridley-Thomas, một thành viên da màu đã bị hội đồng đình chỉ.\r\n\r\nÔng Cedillo nói: “Người sẽ ủng hộ chúng ta là Heather Hutt\". Đó là người phụ nữ da đen, sau đó đã được chọn để thay thế cho Ridley-Thomas.', 19, NULL, '2022-10-17', NULL, NULL),
(44, 'Con gái 15 tuổi của cựu danh thủ Hàn Quốc là người mẫu triển vọng', 'https://znews-photo.zingcdn.me/w660/Uploaded/lce_jwqqc/2022_10_14/278893357_1410799312705584_4034859774313831002_n_1.jpg', 'Với chiều cao 1,71 m cùng gương mặt sáng, ở tuổi 15, Jae Si từng hợp tác với nhiều nhãn hàng, tạp chí và sải bước tại sàn diễn danh tiếng.', 'Tại Hàn Quốc, gia đình cựu cầu thủ bóng đá Lee Dong Guk là một trong những tổ ấm nổi tiếng khi từng tham gia chương trình The Return of Superman. Năm 2005, nam danh thủ kết hôn với Lee Soo Jin, Á hậu cuộc thi Miss Korea năm 1997 và lần lượt chào đón 5 người con, trong đó có 2 cặp song sinh. Jae Si (trái) và Jae Ah (sinh năm 2007) là cặp song sinh đầu của cặp vợ chồng.\r\nTừ nhỏ, Jae Si và Jae Ah được bố mẹ ủng hộ theo đuổi sự nghiệp tennis. Tuy nhiên càng lớn, chỉ còn Jae Ah gắn bó với bộ môn này, còn Jae Si thể hiện sự yêu thích dành cho thời trang. Cô gái cũng được thừa hưởng chiều cao và nét đẹp của bố mẹ khi cao tới 1,71 m ở tuổi 15, theo News Directory3.\r\nĐầu tháng 10, Jae Si nhận được hơn 20.000 lượt tương tác khi cập nhật hình ảnh mới nhất. Nhiều người hâm mộ theo dõi gia đình cựu cầu thủ bóng đá từ lâu bày tỏ sự bất ngờ và dành lời tán dương trước vẻ ngoài sáng, ra dáng thiếu nữ của cô con gái lớn.', 9, NULL, '2022-10-15', NULL, NULL),
(45, 'Cô gái vàng của làng leo núi thể thao', 'https://znews-photo.zingcdn.me/w660/Uploaded/ofh_btgazspf/2022_10_05/K4VM7UWKDBGF3NRSVDBZDJ7U4M.jpg', 'Tính đến tháng 9 năm nay, Janja Garnbret (23 tuổi, Slovenia) đã giành được 37 danh hiệu cúp thế giới và có 56 lần bước lên bục vinh quang.', 'Janja Garnbret (sinh năm 1999) được mệnh danh \"cô gái vàng\" của môn leo núi thể thao, là niềm tự hào của Slovenia ở nhiều giải đấu lớn. Tháng 7/2015, khi vừa tròn 16 tuổi, cô đã đủ điều kiện tham dự các cuộc thi IFSC Climbing World Cup.\r\nGarnbret khiến nhiều người kinh ngạc trước sức mạnh của mình. Năm 2021, cô giành huy chương vàng tại Olympic Tokyo. Tính đến tháng 9 năm nay, cô gái 23 tuổi đã giành được 37 danh hiệu cúp thế giới và có 56 lần bước lên bục vinh quang. Tháng 4/2022, sau khi giành chiến thắng tại IFSC Climbing World Cup, cô đã tuyên bố sẽ bỏ qua các sự kiện leo núi khác để tập trung cho Giải Vô địch châu Âu.\r\nNữ VĐV có gần 500.000 người theo dõi trên Instagram. Cô cho biết tự quản lý trang cá nhân của mình. Đây cũng là nơi cô chia sẻ về những thành công, thất bại, những khoảnh khắc tuyệt vời và cả những ngày tồi tệ... \"Tôi cũng nhận được những bình luận tiêu cực. Nhưng tôi cố gắng không để tâm đến chúng, chỉ làm những gì mình cho là đúng. Mạng xã hội sẽ rất hữu ích nếu chúng ta biết sử dụng nó\"', 9, NULL, '2022-10-05', NULL, NULL),
(46, 'Giá Rolex, Patek Philippe, Audemars Piguet cũ lao dốc', 'https://znews-photo.zingcdn.me/w1000/Uploaded/rohuoct/2022_10_16/maxresdefault.jpg', 'Giá trị của hàng loạt mẫu đồng hồ xa xỉ quay đầu rớt mạnh do tình trạng dư thừa nguồn cung trên thị trường thứ cấp.', 'Theo các nhà phân tích tại Morgan Stanley, giá trị của hàng loạt mẫu đồng hồ xa xỉ đã qua sử dụng như Rolex, Patek Philippe hay Audemars Piguet sẽ sụt giảm mạnh do tình trạng thừa cung trên thị trường.\r\n\r\nSau khi tăng mạnh vào năm 2021 và trong quý đầu tiên của năm 2022, chỉ số giá trị của các mẫu đồng hồ Rolex như phiên bản Daytona đã giảm 21% kể từ mức đỉnh ghi nhận hồi tháng 4. Tương tự, giá trị dòng Nautilus của nhà sản xuất Patek Philippe cũng giảm khoảng 19% trên thị trường thứ cấp trong khi đồng hồ đến từ nhà Audemars Piguet giảm 15%.\r\n\r\nTừ lâu, những chiếc đồng hồ hạng sang đã qua sử dụng được coi là loại tài sản có khả năng giữ giá tốt. Dẫu vậy, giới phân tích từ Morgan Stanley phát hiện tình trạng gia tăng nguồn cung trên thị trường thứ cấp do các nhà buôn và nhà đầu tư cá nhân bắt đầu xả hàng.\r\n\r\n“Với số lượng đồng hồ dư tồn và bối cảnh vĩ mô xấu đi, chúng tôi tin rằng giá hàng cũ sẽ tiếp tục giảm so với quý trước”, nhóm từ Morgan Stanley nhận định.', 7, NULL, '2022-10-16', NULL, NULL),
(47, 'Hilton Hanoi Opera sắp đổi tên', 'https://znews-photo.zingcdn.me/w660/Uploaded/rohuoct/2022_10_17/image005_10470942.jpg', 'Tập đoàn Hilton sẽ nâng cấp và chuyển đổi Hilton Hanoi Opera thành thương hiệu khách sạn hạng sang Waldorf Astoria Hanoi, dự kiến chính thức ra mắt vào năm 2025.', 'Thương hiệu khách sạn hạng sang Waldorf Astoria Hotels & Resorts của tập đoàn Hilton mới đây công bố kế hoạch gia nhập thị trường Việt Nam.\r\n\r\nTheo đó, khách sạn Hilton Hanoi Opera (số 1 Lê Thánh Tông, phường Phan Chu Trinh, quận Hoàn Kiếm) nằm cạnh Nhà hát lớn sẽ được chuyển đổi và nâng cấp thiết kế 187 phòng và suite. Thương hiệu mới dự kiến được ra mắt vào năm 2025 và tham gia vào hệ thống 9 khách sạn, khu nghỉ dưỡng khác của Hilton tại Việt Nam trong thời gian tới.\r\n\r\nWaldorf Astoria Hotels & Resorts hiện điều hành 6 khách sạn ở Trung Quốc, Thái Lan và Maldives và sẽ mở rộng hơn gấp đôi quy mô tại khu vực châu Á - Thái Bình Dương trong vòng 5 năm tớ', 7, NULL, '2022-10-17', NULL, NULL),
(48, 'Đại học Tasmania - bệ phóng phát triển sự nghiệp và định cư Australia', 'https://znews-photo.zingcdn.me/w480/Uploaded/wyhktpu/2022_07_26/211201_UTAS_INC0950045_HobartMSP_Drone_0815_sRGB_HighRes.jpg', 'Chọn đầu vào vừa sức và chương trình phù hợp, học sinh THPT, sinh viên tại Việt Nam có cơ hội đặt chân vào trường đại học hàng đầu Australia mà không cần bảng thành tích xuất sắc.', 'Đại học Tasmania (University of Tasmania) là điểm đến du học được nhiều bạn trẻ lựa chọn. Trường không chỉ “dễ thở” với yêu cầu đầu vào, hào phóng về cơ hội học bổng, mà còn mở ra cho sinh viên cơ hội làm việc và định cư lâu dài tại Australia.\r\n\r\nLựa chọn vừa sức về yêu cầu đầu vào lẫn học phí\r\nUniversity of Tasmania cung cấp chương trình đào tạo từ bậc đại học đến bậc sau đại học với điều kiện không quá khó so với mặt bằng chung tại Việt Nam. Học sinh cấp III có thể nhập học lấy bằng cử nhân nếu đã tốt nghiệp THPT tại Việt Nam và có GPA từ 7.0 (một số chương trình chuyên biệt có yêu cầu cao hơn).\r\n\r\nĐối với bậc sau đại học, University of Tasmania công nhận bằng tốt nghiệp từ các trường đại học Việt Nam và không xét điểm trung bình tốt nghiệp đại học đầu vào.', 29, NULL, '2022-10-15', NULL, NULL),
(49, 'Đại học hàng đầu dừng công bố dữ liệu vì tỷ lệ trúng tuyển thấp kỷ lục', 'https://znews-photo.zingcdn.me/w480/Uploaded/zbvunua/2022_05_04/rawImage_1.jpg', 'Ba trong số 8 trường thuộc nhóm đại học danh giá Ivy League dừng công bố dữ liệu tuyển sinh trong bối cảnh tỷ lệ trúng tuyển hạ xuống mức thấp kỷ lục.', 'Năm 2018, ĐH Standford mở ra trào lưu không công khai tỷ lệ trúng tuyển vào hôm gửi thư mời nhập học tới các ứng viên.\r\n\r\nTheo quy định, các trường đều phải báo cáo kết quả tuyển sinh nhưng thường vài tháng sau khi hoàn thành việc tuyển. Tài liệu này lưu trữ tại Bộ Giáo dục và Common Data Set, ít người quan tâm đến.\r\n\r\n\"Những gì chúng tôi thấy được là câu chuyện trường nào được lựa chọn nhiều nhất và có tỷ lệ trúng tuyển thấp nhất. Chúng tôi không muốn tham gia vào cuộc đua như vậy\", bà Persis Drell, Hiệu trưởng ĐH Stanford, giải thích việc dừng công bố dữ liệu tuyển sinh năm 2018.\r\n\r\nBan đầu, các đại học khác từ chối thực hiện điều tương tự. Nhưng chỉ 2 năm sau, Cornell, thành viên nhóm đại học danh giá Ivy League, tuyên bố không cung cấp số liệu tuyển sinh, bắt đầu từ khóa tốt nghiệp 2024. Trường chỉ công khai dữ liệu vòng tuyển sinh sớm.\r\n\r\nNăm nay, 2 trường khác của Ivy League, Pennsylvania và Princeton, tiếp bước. Trong khi đó, Harvard vẫn giữ truyền thống công bố số liệu. Ở mùa tuyển sinh năm nay, tỷ lệ trúng tuyển của trường hạ xuống mức thấp kỷ lục, chỉ 3,19%, The Crimson cho hay.', 29, NULL, '2022-10-02', NULL, NULL);

-- --------------------------------------------------------

--
-- Cấu trúc bảng cho bảng `role`
--

CREATE TABLE `role` (
  `role_id` int(5) NOT NULL,
  `name` text COLLATE utf8_unicode_ci NOT NULL,
  `code` text COLLATE utf8_unicode_ci NOT NULL,
  `createdBy` text COLLATE utf8_unicode_ci DEFAULT NULL,
  `createdDate` date DEFAULT NULL,
  `modifiedBy` text COLLATE utf8_unicode_ci DEFAULT NULL,
  `modifiedDate` date DEFAULT NULL
) ENGINE=InnoDB DEFAULT CHARSET=utf8 COLLATE=utf8_unicode_ci;

--
-- Đang đổ dữ liệu cho bảng `role`
--

INSERT INTO `role` (`role_id`, `name`, `code`, `createdBy`, `createdDate`, `modifiedBy`, `modifiedDate`) VALUES
(1, 'admin', 'ad', '', '2022-09-09', NULL, NULL),
(2, 'tchong', 'us', 'admin', '2022-09-09', NULL, NULL);

-- --------------------------------------------------------

--
-- Cấu trúc bảng cho bảng `sub_category`
--

CREATE TABLE `sub_category` (
  `sub_id` int(5) NOT NULL,
  `sub_name` text COLLATE utf8_unicode_ci NOT NULL,
  `categoryId` int(5) NOT NULL,
  `createdBy` text COLLATE utf8_unicode_ci DEFAULT NULL,
  `createdDate` date DEFAULT NULL,
  `modifiedBy` text COLLATE utf8_unicode_ci DEFAULT NULL,
  `modifiedDate` date DEFAULT NULL
) ENGINE=InnoDB DEFAULT CHARSET=utf8 COLLATE=utf8_unicode_ci;

--
-- Đang đổ dữ liệu cho bảng `sub_category`
--

INSERT INTO `sub_category` (`sub_id`, `sub_name`, `categoryId`, `createdBy`, `createdDate`, `modifiedBy`, `modifiedDate`) VALUES
(1, 'Bóng đá Việt Nam', 3, NULL, '2022-09-13', NULL, NULL),
(2, 'Bóng đá Anh', 3, NULL, '2022-09-13', NULL, NULL),
(3, 'eSport', 3, NULL, '2022-09-13', NULL, NULL),
(4, 'Blockchain', 6, NULL, NULL, NULL, NULL),
(5, 'Mobile', 6, NULL, NULL, NULL, NULL),
(6, 'Bất động sản', 1, NULL, NULL, NULL, NULL),
(7, 'Tiêu dùng', 1, NULL, NULL, NULL, NULL),
(8, 'Thông tin doanh nghiệp', 1, NULL, NULL, NULL, NULL),
(9, 'Giới trẻ', 8, NULL, NULL, NULL, NULL),
(10, 'Xu hướng', 8, NULL, NULL, NULL, NULL),
(11, 'Sống đẹp', 8, NULL, NULL, NULL, NULL),
(12, 'Sự kiện', 8, NULL, NULL, NULL, NULL),
(13, 'Hậu Covid', 9, NULL, NULL, NULL, NULL),
(14, 'Khỏe đẹp', 9, NULL, NULL, NULL, NULL),
(15, 'Dinh dưỡng', 9, NULL, NULL, NULL, NULL),
(16, 'Mẹ và bé', 9, NULL, NULL, NULL, NULL),
(17, 'Địa điểm du lịch', 2, NULL, NULL, NULL, NULL),
(18, 'Kinh nghiệm du lịch', 2, NULL, NULL, NULL, NULL),
(19, 'Tư liệu', 5, NULL, NULL, NULL, NULL),
(20, 'Phân tích', 5, NULL, NULL, NULL, NULL),
(21, 'Tầm nhìn', 5, NULL, NULL, NULL, NULL),
(22, 'Sao', 7, NULL, NULL, NULL, NULL),
(23, 'Âm nhạc', 7, NULL, NULL, NULL, NULL),
(24, 'Phim ảnh', 7, NULL, NULL, NULL, NULL),
(25, 'Thời trang', 7, NULL, NULL, NULL, NULL),
(26, 'Pháp đình', 10, NULL, NULL, NULL, NULL),
(27, 'Vụ án', 10, NULL, NULL, NULL, NULL),
(28, 'Tuyển sinh 2022', 11, NULL, NULL, NULL, NULL),
(29, 'Du học', 11, NULL, NULL, NULL, NULL),
(30, 'Đô thị', 12, NULL, '2022-09-12', NULL, NULL),
(31, 'Giao thông', 12, NULL, '2022-09-12', NULL, NULL);

-- --------------------------------------------------------

--
-- Cấu trúc bảng cho bảng `user`
--

CREATE TABLE `user` (
  `id` int(5) NOT NULL,
  `username` text COLLATE utf8_unicode_ci NOT NULL,
  `password` text COLLATE utf8_unicode_ci NOT NULL,
  `fullname` text COLLATE utf8_unicode_ci NOT NULL,
  `roleId` int(5) NOT NULL,
  `createdBy` text COLLATE utf8_unicode_ci DEFAULT NULL,
  `createdDate` date DEFAULT NULL,
  `modifiedBy` text COLLATE utf8_unicode_ci DEFAULT NULL,
  `modifiedDate` date DEFAULT NULL
) ENGINE=InnoDB DEFAULT CHARSET=utf8 COLLATE=utf8_unicode_ci;

--
-- Đang đổ dữ liệu cho bảng `user`
--

INSERT INTO `user` (`id`, `username`, `password`, `fullname`, `roleId`, `createdBy`, `createdDate`, `modifiedBy`, `modifiedDate`) VALUES
(1, 'admin', 'admin123', 'Trương Cẩm Hồng', 1, NULL, '2022-10-16', NULL, NULL);

--
-- Chỉ mục cho các bảng đã đổ
--

--
-- Chỉ mục cho bảng `category`
--
ALTER TABLE `category`
  ADD PRIMARY KEY (`cat_id`);

--
-- Chỉ mục cho bảng `comment`
--
ALTER TABLE `comment`
  ADD PRIMARY KEY (`id`),
  ADD KEY `fk_cmt_user` (`userId`),
  ADD KEY `kf_cmt_new` (`newsId`);

--
-- Chỉ mục cho bảng `news`
--
ALTER TABLE `news`
  ADD PRIMARY KEY (`id`),
  ADD KEY `fk_sub_news` (`subCategoryId`);

--
-- Chỉ mục cho bảng `role`
--
ALTER TABLE `role`
  ADD PRIMARY KEY (`role_id`);

--
-- Chỉ mục cho bảng `sub_category`
--
ALTER TABLE `sub_category`
  ADD PRIMARY KEY (`sub_id`),
  ADD KEY `fk_subcat` (`categoryId`);

--
-- Chỉ mục cho bảng `user`
--
ALTER TABLE `user`
  ADD PRIMARY KEY (`id`),
  ADD KEY `fk_user_role` (`roleId`);

--
-- AUTO_INCREMENT cho các bảng đã đổ
--

--
-- AUTO_INCREMENT cho bảng `category`
--
ALTER TABLE `category`
  MODIFY `cat_id` int(5) NOT NULL AUTO_INCREMENT, AUTO_INCREMENT=13;

--
-- AUTO_INCREMENT cho bảng `news`
--
ALTER TABLE `news`
  MODIFY `id` int(5) NOT NULL AUTO_INCREMENT, AUTO_INCREMENT=50;

--
-- AUTO_INCREMENT cho bảng `sub_category`
--
ALTER TABLE `sub_category`
  MODIFY `sub_id` int(5) NOT NULL AUTO_INCREMENT, AUTO_INCREMENT=32;

--
-- AUTO_INCREMENT cho bảng `user`
--
ALTER TABLE `user`
  MODIFY `id` int(5) NOT NULL AUTO_INCREMENT, AUTO_INCREMENT=2;

--
-- Các ràng buộc cho các bảng đã đổ
--

--
-- Các ràng buộc cho bảng `comment`
--
ALTER TABLE `comment`
  ADD CONSTRAINT `fk_cmt_user` FOREIGN KEY (`userId`) REFERENCES `user` (`id`),
  ADD CONSTRAINT `kf_cmt_new` FOREIGN KEY (`newsId`) REFERENCES `news` (`id`);

--
-- Các ràng buộc cho bảng `news`
--
ALTER TABLE `news`
  ADD CONSTRAINT `fk_subcat_news` FOREIGN KEY (`subCategoryId`) REFERENCES `sub_category` (`sub_id`);

--
-- Các ràng buộc cho bảng `sub_category`
--
ALTER TABLE `sub_category`
  ADD CONSTRAINT `fk_sub_cat` FOREIGN KEY (`categoryId`) REFERENCES `category` (`cat_id`),
  ADD CONSTRAINT `fk_subcat` FOREIGN KEY (`categoryId`) REFERENCES `category` (`cat_id`);

--
-- Các ràng buộc cho bảng `user`
--
ALTER TABLE `user`
  ADD CONSTRAINT `fk_user_role` FOREIGN KEY (`roleId`) REFERENCES `role` (`role_id`);
COMMIT;

/*!40101 SET CHARACTER_SET_CLIENT=@OLD_CHARACTER_SET_CLIENT */;
/*!40101 SET CHARACTER_SET_RESULTS=@OLD_CHARACTER_SET_RESULTS */;
/*!40101 SET COLLATION_CONNECTION=@OLD_COLLATION_CONNECTION */;
